10303007;10303008;10303009;10303010;10303011
10303012;10303013;10303014;10303015;10303016
10303017;10303018;10303019;10303020;10303021
10303022;10303023;10303024;10303025;10303026
10303027;10303028;10303029;10303030;10303031
10303032;10303033;10303034;10303035;10303036
10303037;10303038;10303039;10303040;10303041
10303042;10303043;10303044;10303045;10303046
10303047;10303048;10303049;10303050;10303051
10303052;10303053;10303054;10303055;10303056
10303057;10303058;10303059;10303060;10303061
10303062;10303063;10303064;10303065;10303066
10303067;10303068;10303069;10303070;10303071
10303072;10303073;10303074;10303075;10303076
10303077;10303078;10303079;10303080;10303081
10303082;10303083;10303084;10303085;10303086
10303087;10303088;10303089;10303090;10303091
10303092;10303093;10303094;10303095;10303096
10303097;10303098;10303099;10303100;10303101
10303102;10303103;10303104;10303105;10303106
10303107;10303108;10303109;10303110;10303111
10303112;10303113;10303114;10303115;10303116
10303117;10303118;10303119;10303120;10303121
10303122;10303123;10303124;10303125;10303126
10303127;10303128;10303129;10303130;10303131
10303132;10303133;10303134;10303135;10303136
10303137;10303138;10303139;10303140;10303141
10303142;10303143;10303144;10303145;10303146
10303147;10303148;10303149;10303150;10303151
10303152;10303153;10303154;10303155;10303156
10303157;10303158;10303159;10303160;10303161
10303162;10303163;10303164;10303165;10303166
10303167;10303168;10303169;10303170;10303171
10303172;10303173;10303174;10303175;10303176
10303177;10303178;10303179;10303180;10303181
10303182;10303183;10303184;10303185;10303186
10303187;10303188;10303189;10303190;10303191
10303192;10303193;10303194;10303195;10303196
10303197;10303198;10303199;10303200;10303201
10303202;10303203;10303204;10303205;10303206
10303207;10303208;10303209;10303210;10303211
10303212;10303213;10303214;10303215;10303216
10303217;10303218;10303219;10303220;10303221
10303222;10303223;10303224;10303225;10303226
10303227;10303228;10303229;10303230;10303231
10303232;10303233;10303234;10303235;10303236
10303237;10303238;10303239;10303240;10303241
10303242;10303243;10303244;10303245;10303246
10303247;10303248;10303249;10303250;10303251
10303252;10303253;10303254;10303255;10303256
10303257;10303258;10303259;10303260;10303261
10303262;10303263;10303264;10303265;10303266
10303267;10303268;10303269;10303270;10303271
10303272;10303273;10303274;10303275;10303276
10303277;10303278;10303279;10303280;10303281
10303282;10303283;10303284;10303285;10303286
10303287;10303288;10303289;10303290;10303291
10303292;10303293;10303294;10303295;10303296
10303297;10303298;10303299;10303300;10303301
10303302;10303303;10303304;10303305;10303306
10303307;10303308;10303309;10303310;10303311
10303312;10303313;10303314;10303315;10303316
10303317;10303318;10303319;10303320;10303321
10303322;10303323;10303324;10303325;10303326
10303327;10303328;10303329;10303330;10303331
10303332;10303333;10303334;10303335;10303336
10303337;10303338;10303339;10303340;10303341
10303342;10303343;10303344;10303345;10303346
10303347;10303348;10303349;10303350;10303351
10303352;10303353;10303354;10303355;10303356
10303357;10303358;10303359;10303360;10303361
10303362;10303363;10303364;10303365;10303366
10303367;10303368;10303369;10303370;10303371
10303372;10303373;10303374;10303375;10303376
10303377;10303378;10303379;10303380;10303381
10303382;10303383;10303384;10303385;10303386
10303387;10303388;10303389;10303390;10303391
10303392;10303393;10303394;10303395;10303396
10303397;10303398;10303399;10303400;10303401
10303402;10303403;10303404;10303405;10303406
10303407;10303408;10303409;10303410;10303411
10303412;10303413;10303414;10303415;10303416
10303417;10303418;10303419;10303420;10303421
10303422;10303423;10303424;10303425;10303426
10303427;10303428;10303429;10303430;10303431
10303432;10303433;10303434;10303435;10303436
10303437;10303438;10303439;10303440;10303441
10303442;10303443;10303444;10303445;10303446
10303447;10303448;10303449;10303450;10303451
10303452;10303453;10303454;10303455;10303456
10303457;10303458;10303459;10303460;10303461
10303462;10303463;10303464;10303465;10303466
10303467;10303468;10303469;10303470;10303471
10303472;10303473;10303474;10303475;10303476
10303477;10303478;10303479;10303480;10303481
10303482;10303483;10303484;10303485;10303486
10303487;10303488;10303489;10303490;10303491
10303492;10303493;10303494;10303495;10303496
10303497;10303498;10303499;10303500;10303501
10303502;10303503;10303504;10303505;10303506
10303507;10303508;10303509;10303510;10303511
10303512;10303513;10303514;10303515;10303516
10303517;10303518;10303519;10303520;10303521
10303522;10303523;10303524;10303525;10303526
10303527;10303528;10303529;10303530;10303531
10303532;10303533;10303534;10303535;10303536
10303537;10303538;10303539;10303540;10303541
10303542;10303543;10303544;10303545;10303546
10303547;10303548;10303549;10303550;10303551
10303552;10303553;10303554;10303555;10303556
10303557;10303558;10303559;10303560;10303561
10303562;10303563;10303564;10303565;10303566
10303567;10303568;10303569;10303570;10303571
10303572;10303573;10303574;10303575;10303576
10303577;10303578;10303579;10303580;10303581
10303582;10303583;10303584;10303585;10303586
10303587;10303588;10303589;10303590;10303591
10303592;10303593;10303594;10303595;10303596
10303597;10303598;10303599;10303600;10303601
10303602;10303603;10303604;10303605;10303606
10303607;10303608;10303609;10303610;10303611
10303612;10303613;10303614;10303615;10303616
10303617;10303618;10303619;10303620;10303621
10303622;10303623;10303624;10303625;10303626
10303627;10303628;10303629;10303630;10303631
10303632;10303633;10303634;10303635;10303636
10303637;10303638;10303639;10303640;10303641
10303642;10303643;10303644;10303645;10303646
10303647;10303648;10303649;10303650;10303651
10303652;10303653;10303654;10303655;10303656
10303657;10303658;10303659;10303660;10303661
10303662;10303663;10303664;10303665;10303666
10303667;10303668;10303669;10303670;10303671
10303672;10303673;10303674;10303675;10303676
10303677;10303678;10303679;10303680;10303681
10303682;10303683;10303684;10303685;10303686
10303687;10303688;10303689;10303690;10303691
10303692;10303693;10303694;10303695;10303696
10303697;10303698;10303699;10303700;10303701
10303702;10303703;10303704;10303705;10303706
10303707;10303708;10303709;10303710;10303711
10303712;10303713;10303714;10303715;10303716
10303717;10303718;10303719;10303720;10303721
10303722;10303723;10303724;10303725;10303726
10303727;10303728;10303729;10303730;10303731
10303732;10303733;10303734;10303735;10303736
10303737;10303738;10303739;10303740;10303741
10303742;10303743;10303744;10303745;10303746
10303747;10303748;10303749;10303750;10303751
10303752;10303753;10303754;10303755;10303756
10303757;10303758;10303759;10303760;10303761
10303762;10303763;10303764;10303765;10303766
10303767;10303768;10303769;10303770;10303771
10303772;10303773;10303774;10303775;10303776
10303777;10303778;10303779;10303780;10303781
10303782;10303783;10303784;10303785;10303786
10303787;10303788;10303789;10303790;10303791
10303792;10303793;10303794;10303795;10303796
10303797;10303798;10303799;10303800;10303801
10303802;10303803;10303804;10303805;10303806
10303807;10303808;10303809;10303810;10303811
10303812;10303813;10303814;10303815;10303816
10303817;10303818;10303819;10303820;10303821
10303822;10303823;10303824;10303825;10303826
10303827;10303828;10303829;10303830;10303831
10303832;10303833;10303834;10303835;10303836
10303837;10303838;10303839;10303840;10303841
10303842;10303843;10303844;10303845;10303846
10303847;10303848;10303849;10303850;10303851
10303852;10303853;10303854;10303855;10303856
10303857;10303858;10303859;10303860;10303861
10303862;10303863;10303864;10303865;10303866
10303867;10303868;10303869;10303870;10303871
10303872;10303873;10303874;10303875;10303876
10303877;10303878;10303879;10303880;10303881
10303882;10303883;10303884;10303885;10303886
10303887;10303888;10303889;10303890;10303891
10303892;10303893;10303894;10303895;10303896
10303897;10303898;10303899;10303900;10303901
10303902;10303903;10303904;10303905;10303906
10303907;10303908;10303909;10303910;10303911
10303912;10303913;10303914;10303915;10303916
10303917;10303918;10303919;10303920;10303921
10303922;10303923;10303924;10303925;10303926
10303927;10303928;10303929;10303930;10303931
10303932;10303933;10303934;10303935;10303936
10303937;10303938;10303939;10303940;10303941
10303942;10303943;10303944;10303945;10303946
10303947;10303948;10303949;10303950;10303951
10303952;10303953;10303954;10303955;10303956
10303957;10303958;10303959;10303960;10303961
10303962;10303963;10303964;10303965;10303966
10303967;10303968;10303969;10303970;10303971
10303972;10303973;10303974;10303975;10303976
10303977;10303978;10303979;10303980;10303981
10303982;10303983;10303984;10303985;10303986
10303987;10303988;10303989;10303990;10303991
10303992;10303993;10303994;10303995;10303996
10303997;10303998;10303999;10304000;10304001
10304002;10304003;10304004;10304005;10304006
10304007;10304008;10304009;10304010;10304011
10304012;10304013;10304014;10304015;10304016
10304017;10304018;10304019;10304020;10304021
10304022;10304023;10304024;10304025;10304026
10304027;10304028;10304029;10304030;10304031
10304032;10304033;10304034;10304035;10304036
10304037;10304038;10304039;10304040;10304041
10304042;10304043;10304044;10304045;10304046
10304047;10304048;10304049;10304050;10304051
10304052;10304053;10304054;10304055;10304056
10304057;10304058;10304059;10304060;10304061
10304062;10304063;10304064;10304065;10304066
10304067;10304068;10304069;10304070;10304071
10304072;10304073;10304074;10304075;10304076
10304077;10304078;10304079;10304080;10304081
10304082;10304083;10304084;10304085;10304086
10304087;10304088;10304089;10304090;10304091
10304092;10304093;10304094;10304095;10304096
10304097;10304098;10304099;10304100;10304101
10304102;10304103;10304104;10304105;10304106
10304107;10304108;10304109;10304110;10304111
10304112;10304113;10304114;10304115;10304116
10304117;10304118;10304119;10304120;10304121
10304122;10304123;10304124;10304125;10304126
10304127;10304128;10304129;10304130;10304131
10304132;10304133;10304134;10304135;10304136
10304137;10304138;10304139;10304140;10304141
10304142;10304143;10304144;10304145;10304146
10304147;10304148;10304149;10304150;10304151
10304152;10304153;10304154;10304155;10304156
10304157;10304158;10304159;10304160;10304161
10304162;10304163;10304164;10304165;10304166
10304167;10304168;10304169;10304170;10304171
10304172;10304173;10304174;10304175;10304176
10304177;10304178;10304179;10304180;10304181
10304182;10304183;10304184;10304185;10304186
10304187;10304188;10304189;10304190;10304191
10304192;10304193;10304194;10304195;10304196
10304197;10304198;10304199;10304200;10304201
10304202;10304203;10304204;10304205;10304206
10304207;10304208;10304209;10304210;10304211
10304212;10304213;10304214;10304215;10304216
10304217;10304218;10304219;10304220;10304221
10304222;10304223;10304224;10304225;10304226
10304227;10304228;10304229;10304230;10304231
10304232;10304233;10304234;10304235;10304236
10304237;10304238;10304239;10304240;10304241
10304242;10304243;10304244;10304245;10304246
10304247;10304248;10304249;10304250;10304251
10304252;10304253;10304254;10304255;10304256
10304257;10304258;10304259;10304260;10304261
10304262;10304263;10304264;10304265;10304266
10304267;10304268;10304269;10304270;10304271
10304272;10304273;10304274;10304275;10304276
10304277;10304278;10304279;10304280;10304281
10304282;10304283;10304284;10304285;10304286
10304287;10304288;10304289;10304290;10304291
10304292;10304293;10304294;10304295;10304296
10304297;10304298;10304299;10304300;10304301
10304302;10304303;10304304;10304305;10304306
10304307;10304308;10304309;10304310;10304311
10304312;10304313;10304314;10304315;10304316
10304317;10304318;10304319;10304320;10304321
10304322;10304323;10304324;10304325;10304326
10304327;10304328;10304329;10304330;10304331
10304332;10304333;10304334;10304335;10304336
10304337;10304338;10304339;10304340;10304341
10304342;10304343;10304344;10304345;10304346
10304347;10304348;10304349;10304350;10304351
10304352;10304353;10304354;10304355;10304356
10304357;10304358;10304359;10304360;10304361
10304362;10304363;10304364;10304365;10304366
10304367;10304368;10304369;10304370;10304371
10304372;10304373;10304374;10304375;10304376
10304377;10304378;10304379;10304380;10304381
10304382;10304383;10304384;10304385;10304386
10304387;10304388;10304389;10304390;10304391
10304392;10304393;10304394;10304395;10304396
10304397;10304398;10304399;10304400;10304401
10304402;10304403;10304404;10304405;10304406
10304407;10304408;10304409;10304410;10304411
10304412;10304413;10304414;10304415;10304416
10304417;10304418;10304419;10304420;10304421
10304422;10304423;10304424;10304425;10304426
10304427;10304428;10304429;10304430;10304431
10304432;10304433;10304434;10304435;10304436
10304437;10304438;10304439;10304440;10304441
10304442;10304443;10304444;10304445;10304446
10304447;10304448;10304449;10304450;10304451
10304452;10304453;10304454;10304455;10304456
10304457;10304458;10304459;10304460;10304461
10304462;10304463;10304464;10304465;10304466
10304467;10304468;10304469;10304470;10304471
10304472;10304473;10304474;10304475;10304476
10304477;10304478;10304479;10304480;10304481
10304482;10304483;10304484;10304485;10304486
10304487;10304488;10304489;10304490;10304491
10304492;10304493;10304494;10304495;10304496
10304497;10304498;10304499;10304500;10304501
